Covariants	WW_Count	Clinical_Count	Lineages
['S:K417N', 'S:DEL429/434', 'S:N440K', 'S:V445F', 'S:L452R']	25	0	[]
['S:C336R', 'S:G339D', 'S:S371F', 'S:S373P']	13	7	['ba.2.9', 'ba.2', 'b.1.1', 'b.1.1.7', 'ba.5.5']
['S:C336R', 'S:G339D']	10	7	['ba.2.9', 'b.1.2', 'ba.2', 'ay.122', 'b.1.1', 'b.1.1.7', 'ba.5.5']
['S:K417N', 'S:N440K', 'S:S443P', 'S:L452R']	14	7	['ba.1', 'ay.25', 'ba.1.15', 'b.1.1', 'xbb.1.5.7', 'ba.1.1']
['S:K417N', 'S:N437I', 'S:N440K', 'S:L452R']	12	10	['b.1', 'ba.2.9', 'b.1.2', 'ba.1.15', 'ba.2', 'ay.122', 'ba.1.1']
['S:K417N', 'S:N439S', 'S:N440K', 'S:L452R']	15	10	['b.1.617.2', 'ba.2', 'ba.2.74', 'b.1.1.7', 'xbb.1.16']
['S:K417N', 'S:N440K', 'S:L452R', 'S:L461P']	12	10	['ba.1.1', 'b.1.617.2', 'ba.2', 'ba.2.74', 'b.1.1.7', 'ba.2.12.1', 'bq.1.1']
['S:K417N', 'S:Y423H', 'S:N440K', 'S:L452R']	21	10	['xbb.1', 'b.1.617.2', 'ba.1', 'ba.1.13.1', 'ay.103', 'ba.2.12.1', 'ba.1.1']
['S:K417N', 'S:S438P', 'S:N440K', 'S:L452R']	24	12	['b.1', 'ba.1', 'ba.1.13.1', 'ba.1.15', 'xbb.1.16.1', 'ay.122', 'ba.1.5', 'xbb.1.16', 'ba.1.1']
['S:K417N', 'S:N440K', 'S:L452R', 'S:L461F']	30	15	['xbb.2.3.3', 'ay.29', 'ba.2.9', 'b.1.617.2', 'ba.2', 'ba.2.12.1', 'ay.4', 'ay.25.1']
['S:K417N', 'S:I418T', 'S:N440K', 'S:L452R']	11	16	['xbb.1.5', 'ba.1.1', 'b.1.617.2', 'ba.1.18', 'xbb.2.3', 'ba.1.7', 'ba.2.38.1', 'ba.1.15', 'ba.5', 'ay.44', 'xbb.1.16', 'xbb.2.3.2']
['S:K417N', 'S:N440K', 'S:N450S', 'S:L452R']	19	20	['b.1', 'ba.5.2', 'ba.2.76', 'ba.5.2.1', 'b.1.1', 'b.1.1.7', 'xbb.1.16', 'ba.1.1', 'ay.4']
['S:K417N', 'S:W436R', 'S:N440K', 'S:L452R']	16	24	['b.1', 'xbb.1.5', 'be.4.2', 'ba.2.10', 'ba.1.15', 'ba.2', 'xbb.1.16.1', 'ba.5', 'ay.44', 'eg.5.1.1', 'ca.1', 'xbb.1.16', 'ba.1.1', 'ay.4']
['S:K417N', 'S:N440E', 'S:L452R']	16	26	['b.1', 'ba.1', 'ba.5.2.1', 'b.1.1.529', 'xbb.1.16', 'ba.1.1']
['S:G416E', 'S:K417N', 'S:N440K', 'S:L452R']	13	28	['b.1', 'b.1.617.2', 'ay.3', 'b.1.2', 'ay.25', 'ba.5.2', 'ba.1.15', 'fl.2', 'ba.2.38.1', 'ay.44', 'ba.2', 'ba.1.17.2', 'ba.5.2.1', 'ba.2.74', 'xbb.1.16', 'ba.1.1']
